,0,1,2,3,4,5,6,7,8,9,10,11,12,13,14,15,16,17
0,-0.10058987228434675,-0.2704425163146011,-0.7025770854391982,-0.5625103217873094,-0.12147561918357071,-0.20412916237652526,-0.1406447374839266,-0.10802000437960387,-0.10408397473796305,-0.112977265044266,-0.5103010128037724,0.4845791016346626,-0.2057129373592792,-0.09671117693797489,-0.46559574234560724,-0.6520317789588848,0.20487089568207517,-0.07128527261211703
1,-0.10462176170213217,-0.4193890050022126,-0.7922555055996258,1.0213076307304756,-0.08220643876772356,-0.2046011633737007,-0.11487555276069436,-0.10028292003240982,-0.08751033962500711,-0.1000310062950578,-0.28491712265083435,0.02224012766429599,-0.4197721722226399,-0.09803197807023242,0.06009041373265291,0.0490012920749171,-0.4810729725498853,-0.9199900802884292
2,-0.1824773854677826,1.4197260478119906,-0.027363466276576657,-1.0744943623591106,-0.030130720908215846,-0.1512017242756461,-0.013363408559300958,-0.03138309864983784,-0.02996696105325729,-0.02199373424990508,-0.4348393537032185,0.5151654403127824,2.0385940651899257,-0.07087163124554731,-0.7334306950835122,-1.018957585353705,1.1580725384550468,1.527654781556982
3,-0.1416032278304552,3.1464445411899993,-0.11919275748606285,-1.1061145641550312,0.00621959696533855,-0.2843556832354728,-0.1762589723140669,-0.11138778623686484,-0.10261308458196633,-0.11469688432972681,-0.5023320034074484,0.3840710103869736,0.8891220362529771,-0.1281425412762181,-0.7554105506978032,-1.112836951026459,1.830031330127617,1.2979607881290607
4,-0.18264601565694175,-0.5236592627015094,0.1275482606169379,0.01736458654124145,-0.11125964808362038,-0.053010143384759636,-0.026019919567948278,-0.02614881161407318,-0.015965319016934806,-0.02819969401283624,0.19964097605179373,-3.2653043461164897,-0.5174321470216485,-0.03326863045396701,-0.12387993794495263,-0.4032967405933161,-0.997039960797,0.5163261942125312
5,2.9210315041276633,0.06086805708389517,1.1640329798781055,0.17298800205407117,-0.5221037778988429,-0.2344449810778289,-0.16927639310091666,-0.02885393135867492,-0.20787960154815768,-0.07170283049399774,0.5250867074312743,-0.05073853024687033,-0.5971742738058564,-0.06412989406736445,0.3828241305246495,0.7893701785648942,-0.15951043901732295,-0.6070727693563606
6,-0.10592584440735595,-0.5157173922243409,-1.2755464320647234,-0.7472376394971048,-0.21929075228176367,-0.28018721392828594,-0.05667473658963386,-0.11105908795291977,-0.09886489970212493,-0.058571549531554,-0.24362387370204383,-4.169537010478793,-0.025083603154283412,-0.09882906850362802,-0.4118218154875718,-1.0670787417820369,-0.9301185053046208,1.2079126443932624
7,0.2174921874591106,4.124530405767579,1.4498579145528154,-0.11748493363962415,0.037323882827227345,-0.33496048851196925,-0.14178406054072606,-0.19967726926949356,-0.0790759559598346,-0.15256004990374722,0.011714188238419028,0.4645021191276212,-0.38097181670429314,-0.08049080557208309,-0.1944233153250884,0.2187776173617065,-0.08408324214289026,0.2252943543840767
8,-0.026101637021823134,-0.07051404411418892,-0.5764691802644379,-0.13178149010806772,-0.1814859383370372,2.841104760147049,-0.5249978047227533,-0.3701969598430659,-0.32954966567374977,-0.36936841395390185,-0.5621950492320695,0.57603432259999,-0.18787890901694612,-0.15585046771160815,-0.4863919618547226,-0.8215240946946535,0.8628268894463937,0.2632879667101331
9,0.13057863198238434,1.2302564740624022,0.2539525141837769,1.2492642775514693,0.10585691336712302,-0.41571699291949554,-0.08670402099319606,-0.032747964962480086,-0.09415704733535708,-0.03448463609659651,-0.45173347657949486,0.17575763680470974,-0.6214313816847336,0.1577127254352542,0.019109628657965092,2.274875540427035,0.9759208188903477,-0.8368636963243308
10,-0.15417556707191557,-0.5274457540031754,0.6125008233603627,0.7204771605556796,0.0,0.0,0.0,0.0,0.0,0.0,2.7074675012841447,-4.691826386167972,-0.49277697656633596,-0.10039144443213419,-0.45658033216584804,-0.9483399780376465,-1.0316631490721948,-0.43102426005202704
11,0.3822354336324512,-0.10151401361193478,1.3675245859881089,-0.4008024155262049,0.9520622385292029,2.365527813974912,-0.5249978047227533,-0.3701969598430659,-0.32954966567374977,-0.3693684139539018,0.4739345022490819,0.25940678940898665,-0.661387759523471,-0.2803637839810759,-0.2467500803886419,-0.05660387037226561,-0.3169770339799893,0.3257328527426256
12,0.03521168704008718,-0.27929469669470436,-0.597625666288066,0.052570378818653736,-0.11673818984745112,0.2192790149975001,2.026165392146139,-0.2665737979655912,-0.32954966567374977,-0.2685456153810892,0.0666995044032563,0.3337615917238999,-0.5758224833801738,-0.2157766855159461,-0.2514974477022436,-0.5449577860974003,-0.09206492313677272,-0.6471810009563813
13,-0.18372795471419692,-0.3547514644343343,0.6248095510621928,-1.197139368121311,0.03992757549527252,-0.11804230830236377,0.0,0.0,0.0,0.0,0.8760146267044543,-0.27780665731625814,2.1222729457639926,0.0,0.5740239414757798,1.3000341764538608,-1.0087721492227342,1.2961424670942308
14,-0.18837122179476884,-0.38978373086247614,0.3292388509349445,-1.144597010743878,-0.07850483894520022,-0.11804230830236377,0.0,0.0,0.0,0.0,-0.43332321447073224,-1.2574311778152334,2.152442566235415,0.0,-0.1652158831884518,-0.21527137540772315,-0.8543364042745324,1.9511538699774231
15,1.8020768741344722,-0.2195724350005297,1.0376034012367616,0.14605082759966187,1.7011899052415829,-0.4518203210261459,0.13010577632191256,-0.07403939196861317,-0.06590993313474995,0.06367153968953512,-0.10444229215979954,0.512584891291265,-0.13726782680980393,0.14856480805491398,0.3313928250564769,0.2876747167600037,-0.11502374123269674,-0.25897334167379715
16,-0.026616760196813322,-0.1615091804165531,1.4914055895374623,-0.40541524609910057,-0.18166525012967466,0.05854042228065724,0.6403425308171993,0.21959798674069314,-0.2167230532911056,0.1998138071861002,0.4089830975293681,0.4702026539717646,0.0,1.4157622870325781,-0.2131024852437667,0.44285788098191425,0.04067849828567627,0.03431965224552158
17,-0.04335464797709507,-0.4452480168069803,0.12861263731702427,1.3077243633337228,0.5048281295659918,0.010678654559390193,1.2217474002976831,0.2807848933920055,-0.32954966567374977,0.6525414271172896,0.019274669211084193,0.046380280776761644,-0.25544261076360497,-0.13042338828014471,-0.16653927882072547,0.07470197131017468,-0.3796578805329689,-0.34909951850999615
18,-0.15419564807480685,-0.3814172586303578,-0.5651373156397302,-0.3606721829789875,0.1794695858272601,1.6260242132910867,-0.5249978047227533,-0.21946650899201908,-0.1915817924914985,-0.22271137695947454,-1.0323195024414278,0.8851024508889775,1.2460550285566767,-0.3204610502962434,-0.6663784772028997,-1.108984604003096,0.7686560983404632,1.7958027312502072
19,5.258259698816171,-0.21088023189340394,1.3418541716569226,0.041537957223395684,-0.29817714651950156,-0.484669778097668,-0.0928863455667655,-0.10438360793180383,-0.16477483283687488,-0.1061506133960759,0.18010671899323297,0.4071869590098759,0.0,-0.1351625750832411,0.4507733569920589,0.34706991716876096,0.112110756351921,-0.7956509140016109
20,0.20216973147984413,0.9841217254171175,1.1599836683408167,-0.0592973143538953,1.5997367909513032,0.09467092604753433,0.2400855501247083,-0.2776477198822994,-0.24716224925531233,-0.10509478236503199,1.0925193091035013,-0.1225910074838774,0.0,-0.08806948697368445,-0.1955215299095835,0.6799047161275332,-0.9181461176677299,-0.06795912347493528
21,-0.0458676088504838,-0.5328586817715081,0.06165334604382655,1.469276980234492,1.2484947564712232,5.251619482837313,-0.5249978047227533,-0.3701969598430659,-0.32954966567374977,-0.3693684139539018,0.14917747865051206,-0.3094074483000956,-0.6880365406440851,-0.3282229771356112,0.2906613266837661,0.2381993814095742,-0.6305965854741501,0.14717316062709745
22,-0.053997393574246225,-0.2870074874441763,-0.9488633471454074,0.04081137368934725,0.3767567026286644,0.17861665215387054,1.9143242622844399,0.8868084026398197,-0.32954966567374977,1.057724225918326,-0.22197340546213923,0.30680797588474396,-0.6598164032195742,-0.3212825420392711,-0.08237148682948088,0.18649956917041946,0.045445124945045545,0.5548303207184279
23,-0.1314752018822339,1.7812057588098316,1.2083670375379867,-0.19866767050907624,-0.2462846067017399,-0.05706318814787127,-0.00716493351518275,0.15266476643699636,0.2849187175655032,0.08419927447914831,3.1879753423228445,-1.3689633812876025,-0.15129557156442233,-0.0009876239353707704,1.0698736315672788,1.955685202909501,-1.0692692891826032,-0.7448508655627117
24,-0.18365582734655894,-0.15786275101395883,0.57066946359556,1.3717084082394886,0.0,0.0,0.0,0.0,0.0,0.0,-0.5158011887179881,-4.137750332489167,-0.24197466186850666,0.0,-0.7895912983447142,-1.1295273923446736,-0.4997428201555801,-0.2488967264320308
25,-0.19615230052310875,1.0777241104998767,0.26475438752596697,-0.0615147818992364,0.0,0.0,0.0,0.0,0.0,0.0,0.13371285847915165,0.20085238258599278,3.7612373071145955,0.0,-0.4009720524133094,-0.07313261809297635,-0.06733913897642897,1.8846839688893768
26,-0.037053427600713215,0.38770785435684435,-0.5750564069399483,0.09444266274861461,0.020819665470766358,6.503096441369429,-0.5249978047227533,-0.3701969598430659,-0.32954966567374977,-0.3693684139539018,-0.45909758142299983,0.6627815919673883,0.0,-0.186829293672932,-0.5105015704007037,-0.26540056848578425,-0.07341286493310462,0.7879653599216722
27,-0.12870399249403924,-0.5572456559664922,-0.528328607716844,-0.41451831501128056,1.5412645124876914,4.372561342637965,-0.5249978047227533,-0.3701969598430659,-0.32954966567374977,-0.3693684139539018,-0.8199387187547439,-0.627274228196348,-0.5353494464064475,-0.2535801854586928,-0.1339895839113601,-0.4976127194281282,-0.36926588086152295,1.8182604631216623
28,-0.16712130620435414,-0.5666954311757775,-0.2611434354376167,0.06351245414039643,-0.30663279093375634,-0.18222946771700632,-0.2058976058841607,-0.10837022695126934,-0.31812600534966956,-0.12068897453760373,-0.2219734054621391,0.29472532050857025,1.4914329116592722,2.1293409116235194,-0.5376645932127803,0.19582461851729158,-0.2802204208590566,1.6236087272297706
29,-0.2028379109610077,-0.405749523443399,-0.6666774781392556,-1.3735164128926538,0.0,0.0,0.0,0.0,0.0,0.0,0.3038236803641167,-0.6941935502797691,4.306609209032229,0.0,1.3658167625634945,0.5196477744862543,-0.9385021706656643,2.77593050424629
30,9.634961924862422,-0.014150190721616392,0.4067894511730694,0.04641895557493844,-0.30288719242000606,-0.11633627160605833,-0.5249978047227533,-0.3374394261634399,-0.32954966567374977,-0.020620455501998175,0.009995897108267954,0.16460441645747284,0.0,-0.23562264314807296,0.4125968746526133,0.5654677466128606,-0.27716787204980115,-0.4798354751549446
31,0.5257439489243536,-0.24039644222012424,1.3651172745577336,-0.7141893960779336,5.052850816691753,-0.7082538498141826,0.0,0.0,0.0,0.0,0.4275406417350004,0.28728984027707904,-0.5343035582110235,-0.36074299133924814,-0.44656072465457786,-0.39830831358829943,0.0089704741009769,0.7604964692177472
32,0.4227232908739066,-0.435015522559308,-0.35556518276365257,-0.09090158040137938,-0.5426035227714334,2.0286534364221995,0.01270336907460983,-0.3701969598430659,-0.32954966567374977,-0.3693684139539018,-0.1446503046053369,-0.2201816855222005,-0.723595801932968,-0.0024054210474992455,1.1223925069959702,1.8172912562949342,-0.24178596242503453,-0.07701323133381004
33,0.4032879480061726,0.6658115350715164,1.8120226583611867,-0.008291861332331639,-0.03533232158470823,0.29019984456571685,2.221231914476407,-0.3701969598430659,-0.32954966567374977,-0.3693684139539018,1.0770546889321402,-0.18114541430687126,-0.5880237066442584,-0.2860589029014457,0.9059754728633183,1.5778556785713698,-0.7360465855594645,-0.6202250829615206
34,0.28247840338986235,0.9481282852763104,0.5518340982552057,1.3113191036334917,-0.04147193808483731,-0.3541269249070913,0.0,0.0,0.0,0.0,0.7832269056762912,-0.7834193130576645,-0.7456993672070171,0.2666931729362221,2.2982090858355377,3.50592313442978,0.33656319022559933,-1.3000763974186573
35,0.18414982041312555,0.09796378839306563,0.9231737671727932,0.2194198218179482,0.05967745904290754,1.8290808218538608,3.6623394281071633,0.469065499905808,1.9750528068649127,0.4472134042021197,0.25742981985003527,-0.13095592274430573,0.0,0.25526135448128456,-0.3110906369043452,0.26780013551589876,-0.10329007397951298,-0.1882152388801055
36,0.1792332285709783,-0.18069861416000707,2.294187991789656,-0.0007673951018447589,0.363156937504433,0.747868347327008,3.4800412622699755,2.0379770790673444,-0.32954966567374977,1.9737259450121885,0.33475292070683793,-0.11422609222344972,-0.14342021153498677,-0.18021414563920587,-0.4762410122059312,-0.6063524976533639,0.07969939983616448,1.5621774134021285
37,0.15682710585421697,7.903480959898648,1.0284925350508445,0.11303476300865092,-0.24925259778613343,-0.5613176199250677,-0.26249890236137663,-0.18509847992153294,-0.16477483283687488,-0.1846842069769509,0.4275406417350006,0.4992010268745805,-0.199128060719777,0.0,0.06930739970365081,0.9598096443326939,-0.23657607820484966,0.4847944469506041
38,0.0920198525649729,2.6417839822881906,1.6314486305198443,0.017908325464929445,0.04886763841050362,-0.7082538498141826,0.0,0.0,0.0,0.0,-0.2065087852907787,-0.7889959232312831,-0.1555408089430523,-0.35326552596925487,-0.4332262353197145,1.4619041902565526,-0.5554353829281039,0.22706137503521362
39,0.03552948130652202,-0.22301909474165188,0.5232966438825892,-0.20782702693303576,0.4022902038417063,0.17348796501862734,-0.12910617847494502,0.10589124841047509,1.904225652971831,0.09385375234512014,-0.4230134676898253,-0.14768575326516112,-0.23544449975318052,-0.1737078024180236,-0.20658740215184987,0.07295901655695813,-0.4146901318361176,0.06041507653611804
40,-0.004977899132188594,-0.22299208563079714,1.2608851934987426,0.6414224299738567,0.6609237257795686,1.5901534849959222,-0.5249978047227533,3.430970885409053,-0.32954966567374977,3.3290748014390004,0.21103595933595387,0.002882721422537378,-0.7528054222034757,-0.16150042960862704,-0.23875336011501308,0.19659976367404436,-0.09702634064703688,2.4926876127201734
41,-0.010053930418588184,-0.2251480544982945,0.4912709460960115,-0.28504098569811487,0.13743489486824195,1.267949863044874,0.4941611328662037,0.2426090712521849,0.7922879494399646,0.028128425670791168,-0.7477704912883951,0.5995800099997122,-0.6984901491512631,-0.3551828502041264,-0.2804857092802358,-0.8348639205314138,1.8621890277195803,0.058716236343767894
42,-0.0801031621709026,-0.5814428919109202,0.018302665295785267,0.0,0.6986693318826831,2.5554366070458787,5.758709335770707,2.3285925526994613,1.6466734371135794,1.7313164637009866,0.628580703962687,-0.571508126460163,-0.15188993033697026,0.0,0.5534793051090439,-0.2699959807400533,-0.8208006399172363,1.7365790621252561
43,-0.09277046332343697,-0.1888064183169525,-0.5116162658617921,0.2984541162944505,12.607753703574613,-0.7082538498141826,0.0,0.0,0.0,0.0,-0.0363979634058135,0.025189162117011242,-0.3754615987550499,-0.3566605729530537,-0.23593313233128596,0.12741606978797285,-0.38881464281394285,2.044644788340465
44,-0.11100838342617397,-0.41621548576763767,-0.5699154089094465,-1.151769658358555,1.5511909242858608,0.5739137941260012,0.6505288816095628,-0.3701969598430659,-0.32954966567374977,0.31835769844767564,0.009995897108267732,-0.8447620249674677,-0.047220967447532534,0.0,-0.20332400425929065,-0.2931091945806362,-0.08036308034860709,1.2668125838075257
45,-0.12405313305897911,-0.4862103977982173,-1.0365774512350687,-0.6430380617335324,1.0922992697519824,3.2166348844571564,-0.5249978047227533,1.7934985443519746,3.6314345301249746,1.735854318491765,-0.45394270803254616,0.1646044164574722,-0.5493412292090611,-0.3365715317082367,-0.34875291365476657,0.2712189830645746,-0.08925358472201145,1.9667625170494647
46,-0.13482017634532284,0.2199266392636764,-0.7424307917079809,0.3304812434775103,0.7608542170173394,0.707384109221635,-0.5249978047227533,1.9710231576300945,-0.32954966567374977,1.9085814192862736,-0.3611549870043833,0.05864882315872258,-0.2949531529186432,0.0,0.26594978896169386,0.20241687497198912,0.3424092253386688,1.8042270204318323
47,-0.1385979150142395,-0.22949221503347705,-0.33227436223666756,1.5831069808953298,0.040114012298497405,-0.3541269249070913,0.0,0.0,0.0,0.0,0.5667222232772448,-1.4972254152808278,-0.7530561433956038,0.08273898447183893,1.16671132708413,4.61905787718149,-0.04192783937564878,-1.2949444503993206
48,-0.1519322587396661,-0.5115322782783499,1.237666740603027,0.7212512616061322,0.16517238296968836,-0.2463533498418809,-0.2229749870136888,-0.17321589085150713,-0.12126894450261665,-0.16156127070932605,1.1853070301316637,-1.0734030420858245,-0.4991503563637847,0.1819522148874924,3.969633542236836,1.2023558597855668,-0.9378833538242031,-1.0646016513857932
49,-0.15934781983050245,3.9840320144189976,-0.3210664599867822,-0.14310076845267025,0.3332896798726709,-0.1364519943545689,-0.26249890236137663,-0.18509847992153294,-0.16477483283687488,-0.1846842069769509,1.3399532318452683,0.1980640774991836,1.9720669754814972,0.0,-0.5753612285300935,0.18221219695250424,-0.34187870678590404,1.4552039104974295
50,-0.16414727248911748,4.89277487780836,1.6606805158540845,0.30203839450460235,-1.238172616392028,-0.34497798028076043,-0.13504321214539902,-0.25901733496009055,-0.23561193392473231,-0.13290955486104863,-0.7323058711170346,1.4304949258688626,-0.18008127993818399,-0.1783290166542242,-0.5312109249294306,-0.15818631941282177,3.184522023016906,-0.2943950600198401
51,-0.16801611941189254,-0.28439399001421023,-0.055414969061119465,1.5831069808953293,-0.06543817824588591,-0.3541269249070913,0.0,0.0,0.0,0.0,1.169842409960303,-4.056889484971699,-0.8009788071920889,-0.16566873833097923,0.14764806454757262,0.4067215464498788,-1.2031922488767421,-0.8741705406489693
52,-0.17084372914771384,-0.4014962458807137,0.4152219762269096,1.5831069808953293,0.09789433882172653,-0.3541269249070913,0.0,0.0,0.0,0.0,5.005068212457699,-2.1831484666358967,0.009289551279677469,0.0,-0.24678393903016915,2.75716706245064,-1.4144824455694978,-1.758309915066973
53,-0.17955432898982387,-0.5814428919109202,-1.1651525367662106,0.0,-0.23630230852987966,-0.3083412797592731,-0.26249890236137663,-0.18509847992153294,-0.16477483283687488,-0.1846842069769509,3.180243032237164,-3.1479020266718907,-0.5916593934841957,-0.18110431253718695,-0.5045179514749941,1.73425941493449,-1.2750822101578039,-0.07714905773347971
54,-0.18457179068445734,-0.5352887387843088,0.6450574238805931,-1.3735164128926538,-0.0586326275903482,-0.28943558204465175,-0.1438772848524793,-0.18509847992153294,-0.16477483283687488,-0.1846842069769509,1.9894672790424082,-3.0475230435467586,-0.5832101745702949,-0.14444463949648115,2.1490018490979788,0.7356026097570189,-1.0704961129410249,0.12290333429848374
55,-0.185512158018925,-0.5383150050832319,-0.7383447273672008,-1.3735164128926538,0.038475528484691025,-0.3541269249070913,0.0,0.0,0.0,0.0,-0.40754884751846476,-0.09191965152897524,0.4409267789740282,0.0,2.4684635252266025,1.594105934433928,-0.09091990058889096,0.6236591051273053
56,-0.18887665567926937,0.8156986438614456,-0.24208976113297206,1.5447092744824986,-0.4285577644808873,-0.27194027065199866,-0.16561905402802635,-0.11713723068345515,-0.07590788090059587,-0.1846842069769509,-1.7065769419127443,2.6852322149330154,-0.6853146853601119,-0.18110431253718695,-0.22643139351658678,-0.007793949738335547,1.2158728504007863,-1.619958012530212
57,-0.1891597420394724,-0.490663340962834,-1.1707956831301445,0.09083374611991266,0.0,0.0,0.0,0.0,0.0,0.0,-0.9178813131733605,-2.735232873824125,1.9870623788117079,0.0,-0.6425515974942294,-1.0162256254172428,0.42146570758829205,1.8103827846230771
58,-0.19047755785421067,-0.4618608405338739,1.4098503967304445,-0.6867582064463269,0.0,0.0,0.0,0.0,0.0,0.0,1.0925193091035004,-5.345086435077563,1.9231813465867869,0.0,-0.7895912983447142,-1.366431606526274,-0.9976144084786542,2.3294024236260045
59,-0.1912519780120076,-0.5814428919109202,0.8589260405936641,0.0,0.0,0.0,0.0,0.0,0.0,0.0,-0.23743802563349958,-3.5940308405613672,0.8847273391166657,0.0,0.13199625993978503,0.024674154023303835,-0.4563022745291782,1.5859246839405372
60,-0.19602214587473948,4.005885777503597,1.3102097727972573,1.4130715399227527,0.0,0.0,0.0,0.0,0.0,0.0,-0.7323058711170347,-3.5215349083043277,0.0,0.0,-0.47238097764572456,-0.5542059658105214,-0.8324721499780854,-0.0422125799450784
61,-0.2028129646534036,-0.35493252470362263,-0.9993701050310253,1.5831069808953293,0.0,0.0,0.0,0.0,0.0,0.0,1.618316394929757,-1.3020440592041813,2.0736196556356234,0.0,3.2053035370534957,1.4699235474912786,-0.7478359773488228,-0.27965603080866724
62,55.46273900228584,10.464564801876717,2.251410484139122,-0.0873852365948812,0.0329870914003905,-0.4472006506942187,-0.18992071471094893,-0.226284693398534,-0.17147727186782769,-0.3693684139539018,0.3656821610495585,-0.047306770140028785,-0.8045604997863627,0.0,-0.3308566786036408,0.6638446451316031,0.528258323264269,-0.23886062104304465
63,14.511296934269122,0.1170077674797543,1.5758183414994755,0.20374321975747908,-0.5462821955432374,-0.4226596104570205,-0.4377175775195401,-0.31771657856708435,-0.13740251703788875,-0.2672441626852693,-0.005468723063092539,0.4657413658328698,0.0,-0.2775740325254202,0.7380068967418125,0.6880015555138186,0.04759777838925852,-1.0174928948039952
64,9.970988688289657,4.265698215478432,1.8108432525645923,0.2378433367217967,-0.2258751256064145,-0.4137010994639044,-0.5249978047227533,-0.3701969598430659,-0.32954966567374977,-0.3693684139539018,1.4482055730447916,-0.6941935502797691,0.0,-0.2399557643974397,0.29351424232428863,1.4822136125050314,-0.11787278055557422,-0.5019714562605962
65,5.723059844406808,0.15013805814533832,0.5055288627388698,0.43889372749937977,1.2208756681254629,-0.31490980444474964,-0.5249978047227533,-0.3701969598430659,-0.32954966567374977,-0.3693684139539018,-0.6859120106029531,1.2353135697922164,0.0,-0.15292320374266213,-0.01991574592645164,0.375426356922124,1.312943362365893,-0.6805025560520287
66,4.131821652106811,7.1086636646473815,1.5998971025393909,0.6083959719542361,-1.0504235022560862,-0.006614880385337646,-0.5249978047227533,-0.3701969598430659,-0.32954966567374977,-0.3693684139539018,0.4275406417350006,0.4880478065273436,0.0,-0.35041241956403085,0.04055186286899146,0.5482082606889631,1.8988783066489008,-0.44420988960148616
67,3.8581064265863403,1.9583046017320995,0.1431154065503794,0.2601733902814869,-0.006179851973883207,-0.5482748449662043,-0.5249978047227533,-0.3701969598430659,-0.32954966567374977,-0.111940909209971,-0.005468723063092539,0.6776525524303701,-0.7889370679635791,-0.32831481925407424,-0.4431174372096963,0.6744984183629437,1.4148497917178633,-0.4967902713847418
68,2.639051959030548,1.3969115285619187,0.4583876989651988,0.029325918093836688,1.8929752452088962,0.2324992575723033,-0.5249978047227533,-0.3701969598430659,-0.32954966567374977,-0.3693684139539018,0.4584698820777216,-0.24806473639029344,0.0,-0.31946969369153944,0.1349365824625556,1.3148168462199044,-0.037810494512506725,0.051471781961619736
69,2.038915383132492,1.8474412618725664,1.2406822311808077,0.4105001004419533,0.27880937556175434,0.27017295302009103,1.269099594260868,-0.3701969598430659,-0.32954966567374977,-0.3693684139539018,-0.8405582123165579,0.06422543333234046,0.0,-0.35382067880060125,-0.09275730091789623,-0.18356578699795706,0.4272868891708208,-0.2887728211653675
70,0.5519245564438224,0.2465389741760239,1.1560316104972137,1.3765564444031553,-0.4681558233458332,-0.09893164309310364,0.4805603470980099,0.03288841923793843,0.039405858105319234,0.2189198882904855,0.3038236803641167,-0.4153630415988473,0.0,0.3616947128591488,-0.09735211662922638,3.0683018078624147,0.1959414756859144,-0.7685860989383062
71,0.5381737178436142,5.462642386967159,1.3003456526987642,-0.08609781799998867,0.6609237257795686,1.5901534849959222,-0.5249978047227533,3.430970885409053,-0.32954966567374977,3.3290748014390004,0.0563897576223494,-0.1030728718762134,-0.7685749648522918,-0.3558216503606028,-0.5817458073572888,1.3286370501601037,1.9331667183380763,3.4988522483831983
72,0.32892408966041864,-0.4975789989652116,0.7039011679658655,1.5831069808953293,-0.1213858022411786,2.1327964857875816,2.079755561576563,-0.3701969598430659,-0.32954966567374977,-0.3693684139539018,-0.06732720374853447,0.7445718745137929,0.0,0.0,-0.3048672613882494,0.0030797929466140107,0.7868950520316539,-1.2909032694624607
73,0.29635288890602124,-0.18280655681145205,1.6635510483141367,-0.5981056729802899,0.8767269597398837,1.5778395807232313,0.2609847795405702,1.5202044298041884,2.265957655108348,1.9297744016688831,-0.4694073282039069,0.11999153506852507,-0.4608678009090471,-0.34834003496127525,-0.6561291251588863,0.1924886471108289,0.037586515303766256,1.9569262956097566
74,0.2733350393419246,4.58052714383203,2.200951184174712,-0.03845769761576229,-0.5485879499185417,-0.04181470744761268,-0.5249978047227533,-0.3701969598430659,-0.32954966567374977,-0.10127110073749288,0.11824823830779135,1.424918315695244,0.0,-0.3284085568907115,-0.6330705956842986,-0.09073539598230657,1.6470506647600525,-0.17589984113676935
75,0.1534170540669434,-0.04864992831906278,1.053242069496347,-0.3051069582805798,0.5695091644095394,1.1387929974041135,2.0151374930560157,1.5389878749081038,3.864525300593576,1.8597396874953205,-0.1291856844339764,-0.7053467706270061,-0.35472989279971484,-0.26896821075904515,-0.6208530305284461,0.2710319709134437,0.2652788862002025,1.4225190736335138
76,0.14155996560050746,1.945401331974772,0.6521043175678881,1.1603098355836476,-1.1653790125246777,-0.4082547899100405,-0.14993314287451906,-0.2348842750276593,-0.2469792970513753,-0.1938271762832298,-0.5312658088893486,-0.1365325329179242,-0.2832089361711244,2.877401371406945,-0.3498474193856421,1.561809787544674,1.4608126085859785,-0.21464535797169013
77,0.13851434682866767,0.17841177217145476,0.2777040264152837,-0.1672140682271568,1.2228578281362086,0.6763275181592963,3.283269441701433,1.919660932344184,3.8623945815612686,1.8586072320444689,-0.5003365685466276,-0.11422609222345033,-0.5512370686962099,-0.15866476215247782,-0.6672025033373866,0.06602069581248353,1.2901699911935836,1.1356366125942194
78,0.12290229675677967,1.429229505652253,1.2828584264972391,-0.1583441980457927,0.9425224539475952,1.873556296526732,3.0256144034952883,-0.3701969598430659,-0.32954966567374977,-0.3693684139539018,0.18010671899323327,0.4434349251383959,0.0,-0.3497258742695453,-0.11539260541252627,-0.13928566114397106,-0.4769760460111694,-0.058109519246653224
79,0.10825989881524238,10.858619802033486,-0.2305817909276573,0.10627507548971987,1.440595252570288,-0.7082538498141826,0.0,0.0,0.0,0.0,-0.7786997316311163,1.9379664516681423,0.0,0.0,-0.5112138467003803,-0.1110594608749996,4.30548731522709,0.5385632205615956
80,0.060903130006101536,-0.3128517487299882,-0.13678142647265093,0.9563028214122766,0.4470595565108771,-0.2964307598222747,-0.14742702868474264,0.08385910584476115,0.08606077868851117,0.07241701723895719,-0.09825644409125543,0.20921729784642049,-0.05216000839923048,3.734611582687677,1.5945896444228742,-0.462758333511363,-0.4975764935313451,0.12221079080201795
81,0.04879223997534558,0.6547774510141804,1.778978299394988,0.3088022981727084,0.0,0.0,0.0,0.0,0.0,0.0,1.695639495786559,-0.1030728718762134,0.0,0.0,3.1712618345964,3.799225471002784,-0.7027432334390599,-1.4793533710669575
82,0.03717593760839266,-0.4476545816432221,1.4115305053776157,-0.2381730296780683,1.5177114479110083,0.12707821325683494,1.7725686722387024,-0.3701969598430659,-0.32954966567374977,-0.3693684139539018,-0.4075488475184649,0.7780315355555036,0.0,-0.30889703776180977,-0.5735763134586569,-0.2029356819342106,0.20398629189441714,-0.2791145760103131
83,0.030863437162485474,3.0814829085139865,-0.08617097024761883,1.2723507683350308,-1.2267963220507647,0.1528231672903775,-0.5249978047227533,-0.3701969598430659,-0.32954966567374977,-0.3693684139539018,0.5821868434486054,-1.8541284663924087,-0.7094155714567395,-0.16830178305686774,0.285371853806517,4.252630314454672,0.03530336285824474,-0.5177916487112609
84,0.028800485985833325,-0.258731662230598,1.5645350281111854,-0.3633613672627936,0.4527475824425311,3.298459243710423,3.883160384556291,0.9550850078560756,-0.32954966567374977,2.2095653776920954,-0.34569036683302296,1.0345556035419516,0.0,0.0,-0.5530267456269968,-0.4928033286834016,1.3427948386504085,1.721934265472071
85,0.02758354002358112,-0.5592478379754272,-0.2949392863250075,0.1047952840013377,-0.11517359102987082,1.6169100318986476,-0.5249978047227533,-0.3701969598430659,-0.32954966567374977,1.5013806157667016,-0.34569036683302296,-0.21460507534858145,-0.6058460065194301,0.7186959471912061,-0.4005387705934567,-0.7291409879170547,0.3667601466446982,1.3672826648027685
86,-0.008677545012083683,0.023977398180311117,-0.05221984891106219,0.4584654497247248,-0.9570050099168442,-0.1799631467214787,-0.16173418083710994,-0.15177161774552034,-0.32954966567374977,-0.3693684139539018,-0.1291856844339764,1.6814423836816934,-0.12269678906640873,-0.3533609682869272,0.5709205027136633,0.3616202357127785,3.6186399347316964,-1.0570904699891959
87,-0.01665602495711689,0.8413326806392335,1.3562647099303764,0.3726375433985474,2.3206871500426693,-0.41190750756924777,-0.5249978047227533,-0.3701969598430659,-0.32954966567374977,-0.3693684139539018,0.02546051727962843,0.2315237385408944,0.0,0.0,0.18172883078584764,0.7938759383451732,1.4988433685836788,-0.2550942246027669
88,-0.02570177301877771,1.4561101822378106,1.9812896863162344,-0.300262120947616,0.5695091644095394,1.1387929974041135,2.0151374930560157,1.5389878749081038,3.864525300593576,1.8597396874953205,2.1905073412700937,-1.1180159234747724,-0.021129763194762414,0.0,0.2103988179754813,1.936309452439848,-1.3097310240875666,1.3476301159366006
89,-0.02570177301877771,-0.4422857804485698,0.3812959807780227,-0.3869907250553048,-0.2738503724639665,4.503142337844573,-0.5249978047227533,-0.3701969598430659,-0.32954966567374977,-0.3693684139539018,0.3966114013922796,-0.4488227026405569,-0.4669109420651812,0.0,1.3437209498050362,0.4473268246302484,-0.3126518977102597,0.6483892859598113
90,-0.03327677355386634,-0.35500644691014405,1.396203167858015,-0.8679338125549086,0.27681848908452045,1.9423235602483628,-0.5249978047227533,1.821601132228767,-0.32954966567374977,1.7631974482085249,0.21103595933595384,0.20921729784642049,-0.7335556873198615,-0.2001618010548782,1.8017880909364608,1.6550804964474757,-0.5484749642110748,1.9223618820158823
91,-0.03829423524849978,1.3971857183838072,1.96529927400584,-0.4806161479686828,-1.2365544651081473,1.5351990684885817,-0.5249978047227533,-0.3701969598430659,-0.32954966567374977,-0.3693684139539018,-0.06732720374853447,-0.3819033805571353,-0.1839421490597,0.0,-0.6388659487594259,-0.19570843469220706,-0.5340144029253983,0.5736302888936945
92,-0.041391915879687234,-0.4329177695405259,0.154769851643644,0.2023638559963412,0.8767269597398837,1.5778395807232313,0.2609847795405702,1.5202044298041884,2.265957655108348,1.9297744016688831,0.02546051727962843,-0.7499596520159538,-0.6763701128550564,-0.3622086250743739,-0.1712222880973011,0.1282025501523855,-0.6434843547469932,1.47668960312584
93,-0.04374120728275166,-0.26925065154674377,-0.048167288568397984,0.1121794583114974,-0.1516909353302722,-0.1841139724841723,-0.04445189788725192,0.2076941209490312,-0.32954966567374977,-0.08823148003231525,-0.9024166930019998,0.4880478065273436,0.0,5.8762523154839625,-0.495736567187957,-0.7930697730210707,1.4087067674512288,0.304168691775969
94,-0.0440015165794901,3.5229446289278914,0.8100104001431565,1.2992711350916828,-0.016725916869079694,-0.4993123842220932,0.04969210389478181,-0.1974204531465014,-0.32954966567374977,-0.3693684139539018,-0.28383188614758104,-1.6533705001421442,-0.7734223076497622,0.2083127077994478,0.3810304346306458,4.58514851417215,0.3528226230906771,-0.22234768632679455
95,-0.050027676798985,-0.4899509694360924,0.09368869453455084,-0.21452004252776444,6.815806556592518,-0.7082538498141826,0.0,0.0,0.0,0.0,-0.4384780878611856,-0.01384710909831801,-0.6025717783286916,-0.36006171564594786,0.5772600310454117,0.13906720200191428,-0.07200108699221304,1.0444175687209645
96,-0.05527290912826458,-0.22410046669059308,2.2076271409027086,0.35906489586710416,0.4632682789379729,1.5064665782483282,-0.5249978047227533,-0.3701969598430659,-0.32954966567374977,3.1944114335536766,-0.1291856844339764,0.7111122134720821,0.0,0.03497998786527248,-0.6755934289879529,-0.1648084420673429,1.1025513791474566,2.0916887384627043
97,-0.060348940414664175,-0.5269398946968122,-1.2007201355674333,1.5831069808953293,-0.6983104534010426,0.01714458326216155,-0.5249978047227533,-0.3701969598430659,-0.32954966567374977,-0.3693684139539018,-0.34569036683302296,-0.5045888043767415,0.2643294574651674,6.440650795358641,-0.09013624377790347,-0.3090871141976891,0.037204322655726686,0.10762830940593487
98,-0.0648522912482392,-0.4615013771094074,-0.06420052303656712,-0.11103822374518492,-0.44204635068575854,1.119641589920968,1.9887996845573592,1.89707000740829,-0.32954966567374977,1.8366268153777947,-0.7168412509456744,0.2203705181936574,-0.5324003363788563,-0.2808459385331481,0.7822575462063048,-0.17211628741647822,0.04170971685794983,1.4184845008520488
99,-0.06764410845575898,-0.3678673807059175,0.03687039333822596,1.204659186490467,2.1315597761455747,0.7617526777150232,3.5182298742780955,-0.3701969598430659,-0.32954966567374977,-0.3693684139539018,0.3038236803641167,-0.11422609222345033,0.0,0.7736563427907438,1.732904707499632,0.4933147336673424,-0.16009918259464512,-0.8659765555174836
100,-0.08067258875751794,-0.5814428919109202,-1.4428667530732484,0.0,0.5873489579486887,-0.7082538498141826,0.0,0.0,0.0,0.0,0.5512576031058845,-5.3450864350775635,0.28293250503005984,0.0,-0.04567650805821942,-1.1904011704751531,-1.1851543045079589,1.9041954320193533
101,-0.08462929006794223,1.5371447861363028,2.2305485382087986,-0.08905740097675334,0.11103710085132433,5.4921831774741605,-0.5249978047227533,-0.3701969598430659,9.056639881614103,-0.3693684139539018,0.8605500065330938,0.041918992637866616,-0.5623682228845331,0.0,-0.5076645834444364,0.5747559879979535,-0.7635638328027692,-0.40239496074983017
102,-0.08595686748130829,-0.5085964266705395,-0.3540097090180224,0.6399441182769624,1.0874645251112307,1.7509135454294764,-0.5249978047227533,-0.3701969598430659,7.115800137471255,3.5877591285431665,-0.8405582123165579,-0.05845999048726571,-0.6096867313457758,-0.2620697571388099,1.404694400154416,-0.02680954730512989,0.1183943481116602,1.7296104387832671
103,-0.08663367165282825,-0.4532118589233315,-0.3775631465418173,-1.3735164128926538,0.5695091644095394,1.1387929974041135,2.0151374930560157,1.5389878749081038,3.864525300593576,1.8597396874953205,-0.4384780878611856,0.18691085715194666,-0.16241158112479576,-0.3569154793496418,-0.7895912983447142,-0.4356000193626896,1.9609286799514032,1.770626630881485
104,-0.08678334949845284,0.4905370476590804,0.2707781663987604,-0.3632873775402469,2.3155133938232506,-0.7082538498141826,0.0,0.0,0.0,0.0,1.200771650303024,-0.2369115160430565,0.3564186176838638,0.0,-0.5601530970300569,1.2693973260302671,-1.4049012107637049,0.6780397347022024
105,-0.09236047618107393,2.1015968080586283,1.7815523753937594,-0.5232649960418011,0.16436400877038115,4.094881733230334,-0.5249978047227533,-0.3701969598430659,-0.32954966567374977,-0.3693684139539018,-0.1291856844339764,1.5252972988203763,0.0,-0.3402360132797842,-0.5725768882097636,-0.5578974709952574,0.9578201791831,0.5606276679445137
106,-0.09558180372821214,4.294272017153117,-1.6107907461115434,0.09296879042618576,-0.6821617750910898,-0.7082538498141826,0.0,0.0,0.0,0.0,-0.34569036683302296,-1.686830161183855,-0.5737579756847526,0.0,-0.7298955278932627,1.8421973765366584,-1.5912056310618363,0.5201813093461101
107,-0.10046911077447636,1.4491523266646933,-1.2112225262291971,0.4477635976807439,0.24093900153682896,-0.3588591494410593,0.06400471795670247,0.002601975174496767,0.114053857340632,-0.06105281571132251,0.02546051727962843,-1.4191528728501692,0.034195635347214474,-0.3622086250743739,-0.5779469836604978,1.365078893962243,-1.3273512436403478,0.5542769607094401
108,-0.10101576029762707,0.1013336663000939,1.6164819648245596,0.6754235990024183,0.813172997497902,-0.4020977040023663,-0.10395919718569864,0.009549989096582518,-0.32954966567374977,0.00011606661863225852,1.9430734185283267,-2.199878297156753,0.0,-0.280646598283778,0.30366116482556194,3.586102363416156,-1.1633415381176566,-0.3149746487458072
109,-0.10594211373840208,-0.30252765421236355,-0.454650000399131,1.5831069808953293,1.9804245056861616,0.1520077817574865,1.8411370217662384,1.0525268554307492,-0.32954966567374977,-0.3693684139539018,0.4275406417350006,-0.6161210078491107,-0.7204392725077751,-0.14197249526264327,1.8829707353712255,3.247606437506541,-0.2089033902053828,-0.871909580077241
110,-0.10910487169377414,3.2979031973081616,1.5249499950121466,-0.4874154956734781,1.8968724002069937,-0.7082538498141826,0.0,0.0,0.0,0.0,-0.4075488475184649,0.4211284844439221,0.8676290166688664,0.0,-0.7004490120451757,0.10031318616723847,1.3273313562639275,1.4330536480767768
111,-0.11195525849306008,-0.5323536537119746,-0.5577372197962106,0.4448069742869557,1.6656016016605255,-0.7082538498141826,0.0,0.0,0.0,0.0,-0.2219734054621391,-0.02500032944555493,-0.607411328623583,-0.2770396968376557,3.313249976752332,2.5084725188332486,-0.3815309090517889,-0.4500407543772511
112,-0.11314617352563845,-0.4066880733747722,-0.1870868832259284,1.1750929525525875,-0.39914220008754064,1.1967209252504356,3.6666824873563053,2.150201840255709,-0.32954966567374977,0.8567747375453001,-0.4075488475184649,0.041918992637866616,-0.5421905869978006,-0.2539821675795819,-0.08343487285196062,-0.2671487423615416,0.02195354790669592,0.022936492947437447
113,-0.11448025867142295,-0.5470381723586331,-0.3907158300671633,1.5831069808953293,-0.038779840259727916,1.4913892258663668,1.4266410534085814,-0.3701969598430659,-0.32954966567374977,-0.3693684139539018,0.08731899796507038,-0.06961321083450263,-0.614784215967414,-0.10814947266957443,1.267641230180864,2.573147874448914,0.08616729034998102,-1.0811216196145734
114,-0.11850854503845032,-0.018481985498180455,2.086592418188867,-0.8975000464927885,0.31624289746851103,-0.15967158508162732,-0.27352012351506666,-0.06777692701038357,-0.32954966567374977,-0.22224477136580487,1.6337810151011174,-0.4376694822933199,0.0,2.299819585575873,0.9201543882764146,1.9325383582196547,-1.3533978905781463,0.14750636039286313
115,-0.1231680814500684,-0.5814428919109202,1.1744933411689518,0.0,0.2246594043106338,0.13858236447363492,1.8042106423606703,-0.3701969598430659,-0.32954966567374977,-0.3693684139539018,-0.2219734054621391,-0.4599759229877949,-0.4312256632818217,0.027338516110713987,1.970895830308684,0.11193710417241752,-0.5909453967588659,0.4066775777238851
116,-0.12345442167648067,0.4406594749825632,0.19781590849623315,-1.1101135279605914,1.5944720308377538,1.7948467674603743,-0.5249978047227533,3.769498139329112,3.459631120498541,-0.3693684139539018,2.5925874657254657,0.08653187402681431,0.0,0.0,1.8986989095441769,0.3952082203868104,-1.0041586631196306,-0.11533503691645165
117,-0.12509437024593287,-0.5008141997056016,0.3260192116361809,0.1743454839553092,-0.038779840259727916,1.4913892258663668,1.4266410534085814,-0.3701969598430659,-0.32954966567374977,-0.3693684139539018,-1.2426383367719305,0.20921729784642049,0.0,0.0,-0.24664202890271936,-1.0992119936990994,2.3046294219103767,-0.31548038194505784
118,-0.12531563314816055,3.8343062242752564,2.2590213963212467,0.1905373624211893,-0.4196898887845436,0.0038885908864668976,-0.5249978047227533,0.8075633552380396,1.82652543150622,0.7765635269656422,-0.4694073282039069,1.6479827226399826,0.0,-0.08493913035111123,-0.5176102088867887,-0.0512908941388554,0.398650485618819,0.25777115068739936
119,-0.12627877754609276,1.8607931048424533,0.5683911200579573,-0.4865293947562588,1.2545403647789888,0.804389021916693,-0.5249978047227533,-0.3701969598430659,-0.32954966567374977,-0.3693684139539018,1.4791348133875126,0.3430559420132636,0.0,-0.28790064201739424,-0.708941929869162,-0.26123829453235536,-0.23210763991450944,0.025498444054118826
120,-0.12910313341570484,4.924479411882305,1.686043010465956,-0.2540755874724283,0.43464231801137976,0.8544131623317084,-0.5249978047227533,2.2141837586843254,-0.32954966567374977,2.1451707286331843,-0.03639796340581351,1.5252972988203763,0.0,-0.3440810335336708,-0.5031293248916244,-0.443558314182838,1.931940921974465,2.0580453054456167
121,-0.1308146670417601,-0.4565832339552701,-0.4236920858508254,-1.311427321623106,-0.7490967156736659,-0.34227727796526936,0.14607704087741644,0.2350649343209759,0.03979263044493672,0.21953658501974474,0.2728944400213957,-1.3076206693778,-0.6384996236745878,-0.29596176942480845,1.7269195772580872,3.7425466688100295,-0.4028224154597022,0.5814978170125423
122,-0.13671067261288578,-0.3968957547498307,2.152083334313552,-1.3735164128926538,-0.16764112420073418,0.13956386583444533,0.05797920770240045,0.3308749064336159,-0.32954966567374977,0.3127573413116769,-0.5003365685466276,0.8226444169444513,0.0,11.286149911502928,-0.3943049543137917,0.5884080329590046,-0.3678482457438687,1.8360359166296052
123,-0.13702304376897192,0.40913481506696187,1.318403807359384,0.2851493110224048,-1.5831926960198417,-0.7082538498141826,0.0,0.0,0.0,0.0,2.004931899213769,-1.7872091443089873,0.0,-0.14413720826021398,3.186657258831624,3.2250820851541846,-1.3859159398951633,-1.0983303901369383
124,-0.14010770893532246,1.6462090055142382,0.5025995176617002,-0.4797223539097,-0.4373394206954623,2.333828869419985,2.8218806810187687,1.6422343163398263,-0.32954966567374977,1.588677929392833,1.6028517747583966,-0.1811454143068719,0.0,0.0,-0.3143485139634897,1.4353342194148773,-0.011107121418661495,1.209768435674908
125,-0.14045912648591932,5.813158799546184,1.9180781679265784,-0.4362667970618632,0.25687044425855776,-0.7082538498141826,0.0,0.0,0.0,0.0,0.6131160837913261,0.6218864506941855,1.5217814268145449,0.0,-0.7162286799558574,0.5918403138961114,0.7888478249139401,1.5026059845624615
126,-0.14051118834526702,-0.5814428919109202,-1.3652684490214453,0.0,0.022330686706627214,1.2287696771363077,2.1388771483381155,-0.3701969598430659,-0.32954966567374977,-0.3693684139539018,-0.6549827702602324,0.4768945861801066,0.1555018471598176,-0.17703613309928629,-0.31861082923287515,-0.03763855305606297,-0.6186861778396282,0.8545210171363676
127,-0.14107736106567312,-0.1243703174943249,1.1178019351836637,-0.09034185998866916,0.06539555498075189,-0.20550161414820475,0.4133384888801386,0.13462117560921233,0.1053438986973224,0.06402189354566297,1.3554178520166293,-0.4822823636822676,0.0,1.831617899933818,1.295361503457208,1.5552521868041087,-0.4261529192596613,-0.27157072041636765
128,-0.1420665363932792,-0.22475465849584012,0.2555602019134197,-0.3268717314917079,1.2228578281362086,0.6763275181592963,3.283269441701433,1.919660932344184,3.8623945815612686,1.8586072320444689,0.2728944400213957,-0.4822823636822676,-0.09786510099744034,-0.23551284813831425,0.6697666935797666,0.5336021646916873,-0.5476288552572391,1.347147380600172
129,-0.14208605959053458,-0.3253649299379855,-1.1051891339079347,0.3933546242359005,0.14261668436858446,0.037335084183442085,-0.5249978047227533,0.12303305013194675,0.12191780528434568,-0.3693684139539018,1.2317008906457452,-1.285314228683326,1.3219959216214971,11.901023643047724,-0.17468006470751635,-0.38908980279939664,-0.3639347300036161,1.8157503059122977
130,-0.14386267054077445,0.5511706113469669,-0.15089898931107115,1.4175360708432023,-0.2902294404486781,1.2302363037411201,1.2522634742266607,-0.3701969598430659,-0.32954966567374977,-0.3693684139539018,-0.6549827702602324,-0.4822823636822676,-0.14114611553751125,0.04966369567632255,1.5746540744066182,5.494412185423959,0.32211360426070923,-0.3619592629161036
131,-0.1465763949592727,-0.5814428919109202,-0.4380184392515672,0.0,3.3049386611395244,-0.7082538498141826,0.0,0.0,0.0,0.0,0.21103595933595384,-0.4376694822933199,0.4435013390784224,-0.30234030891263114,0.061613056271165374,0.29278811504568725,-0.7360689290633412,1.5123455092381357
132,-0.14931615030744474,-0.4863904920983962,0.7892715145291069,1.5831069808953293,0.11103710085132433,5.4921831774741605,-0.5249978047227533,-0.3701969598430659,9.056639881614103,-0.3693684139539018,0.6131160837913261,0.05307221298510354,-0.661892783273398,-0.3490081670340922,-0.6224432584083958,0.22833294625195355,-1.4514486670198334,-1.4308846422491304
133,-0.15046801894551234,3.4752765098966543,0.19064646205257124,-0.30321874434140383,-1.3062868615194043,3.1292804466358453,6.5117169294070365,3.860881303938697,3.5432767322689966,3.7473671093210874,1.695639495786559,-0.047306770140028785,0.0,0.0,2.763782809429623,2.009014460289083,-0.4928134944542731,1.9441153624267191
134,-0.15085848289062004,-0.5814428919109202,-0.4947662246001495,0.0,-0.5732283513987708,1.2705881715963991,0.15534856479177714,1.6752168764844575,0.4193405422000694,2.0187966659181384,-0.5003365685466276,-0.21460507534858145,-0.39223609035720497,0.0,0.26390188701447564,-0.8723987072501057,-0.08453756755593453,2.327551736278545
135,-0.1549713697790874,-0.5326671472821711,0.8252515833702344,1.5831069808953293,-0.2902294404486781,1.2302363037411201,1.2522634742266607,-0.3701969598430659,-0.32954966567374977,-0.3693684139539018,-0.19104416511941835,0.3765156030549744,0.7014828869557905,1.664192710019074,-0.2775988017924556,1.4433595393418337,0.039162773959418494,-0.1515441961500084
136,-0.15619482347375807,-0.5790226353929517,-0.9943157308289142,1.5831069808953293,-1.7113678194077626,-0.7082538498141826,0.0,0.0,0.0,0.0,-1.2117090964292092,1.424918315695244,1.7313923559896636,2.2144238374044822,-0.11904444890985888,-0.7807627272572752,-0.2986444273450698,0.01944884611862004
137,-0.15663734927821346,-0.3342596550607435,-1.3128290472092514,1.2223989268531954,-1.296606752525465,7.041439332289244,-0.5249978047227533,-0.3701969598430659,-0.32954966567374977,-0.3693684139539018,0.02546051727962843,-0.4934355840295046,-0.2054393770271713,0.0,0.5148214370557239,-0.1660728481026304,0.2774956487677358,0.3995490480908987
138,-0.15694972043429956,-0.5814428919109202,-1.5111720819353611,0.0,0.7549185046501898,-0.4191123186860589,0.2702810052093941,-0.3701969598430659,-0.32954966567374977,0.09589878124388797,-0.005468723063092539,-0.27037117708476605,0.4639165453215362,4.333218203706295,0.6067797368495929,0.03319063245930784,-0.5178426426279165,1.752146545168992
139,-0.1576265246058195,-0.5380656909800661,-1.1797686813628907,1.5831069808953293,1.817648874173727,-0.06749335314567373,-0.5249978047227533,-0.3701969598430659,-0.32954966567374977,-0.3693684139539018,3.2730307532653264,-1.5752979577114856,-0.1985231608328306,0.0,-0.32048364338401225,2.0127035150638424,-1.4014665477983872,-0.9632078586515104
140,-0.1579454034943241,-0.5509776166999504,-0.6114762206965816,1.5831069808953293,0.6444928086106075,1.963952722526151,3.149931311222877,4.0491701143969205,3.7156228418622015,3.930567510335588,0.4893991224204421,-0.6272742281963476,-0.479837709880765,-0.3428414251620206,0.1888888485683633,1.2595174634793451,-1.3138446052925759,1.9216450129201756
141,-0.15955932113410246,3.5915016146466936,-1.024539391278258,-0.3574540278146654,0.0,0.0,0.0,0.0,0.0,0.0,0.6440453241340469,1.3914586546535332,1.959863168685824,0.0,-0.6396364387255359,-0.775360911068341,0.1529706320222649,0.843616265649231
142,-0.16017755571385622,-0.2322087216912017,0.18054860801838574,0.03679294594421418,-0.08745316607828554,0.5592087343925413,1.2180692179713872,0.15384396484194066,0.6297894911552004,0.6503895559080869,-1.2426383367719305,0.26498339958260514,1.3630929597633408,0.0,-0.19289669633107856,-0.4718849480651937,1.1392116435365731,1.5626387740007586
143,-0.16097149906890848,-0.4595603008767549,1.6891247060018484,1.2046591864904674,-0.03468534108524503,-0.538524041595897,-0.4316300208812567,-0.3701969598430659,-0.32954966567374977,-0.3147448450026896,1.3554178520166293,-2.277950839587412,0.2199441680659854,-0.01593635563876953,1.9708004872276763,0.34146915336918376,-0.5291968954347261,-0.39288882781155415
144,-0.16253986258175754,-0.5814428919109202,-1.3309573003486117,0.0,0.07702191532929763,0.6865191614231935,2.3522265847687485,0.35065088572863473,1.5179254923089052,0.19172542505986453,-0.4694073282039069,-1.6756769408366183,1.3752091900807772,0.0,0.6172041314395998,-0.7290777846248292,-0.14248024643910887,1.997609739788216
145,-0.16282620280816987,-0.4608774221386272,-0.3330218597842887,1.5831069808953293,-1.3955285546526441,-0.4238232942863929,-0.3889419173069801,-0.3497448337590673,-0.32954966567374977,-0.3693684139539018,-1.1807798560864884,0.07537865367957737,-0.3788644926894869,0.0,13.468433487406633,-0.7158491744168576,0.020422407193416318,-1.7623963264178195
146,-0.16287826466751756,-0.5814428919109202,1.616697856630795,0.0,0.5136688231722011,1.6069701744378382,-0.5249978047227533,-0.3701969598430659,-0.32954966567374977,-0.3693684139539018,-0.2219734054621391,0.15345119611023586,1.5467820314980651,0.0,0.2952766591307286,0.4053417830236729,0.11394491250219167,1.985804348687424
147,-0.163053973442816,-0.5126819956205291,-0.1255697956102822,1.5831069808953293,1.1686303269566007,-0.7082538498141826,0.0,0.0,0.0,0.0,0.5821868434486054,-3.40442609465834,-0.4500118086427282,-0.32102721866167483,0.8920880100704348,-0.19640538380387967,-1.2531667361297658,-0.3041751192699989
148,-0.16354856110661906,-0.5814428919109202,1.4820300242791689,0.0,-0.5991079220798592,-0.36831790887892185,-0.3092313522111864,-0.32695117533471474,-0.2503814700379117,-0.2431371464737599,1.695639495786559,-1.2964674490305632,-0.22635981343625786,7.841887804453669,1.4375898806183809,1.7843826711841866,-1.3633412171357666,1.0910667656019286
149,-0.16416679568637282,0.29264393877353184,0.3640851333316815,0.2066968894815429,1.5238312188545406,-0.7082538498141826,0.0,0.0,0.0,0.0,1.4482055730447916,-0.01384710909831801,0.0,0.0,-0.369253326913051,-0.0035860123277845508,1.142972889074516,-0.7427822539660003
150,-0.16552040402941273,-0.5232596478256591,0.21890051452324072,1.5831069808953293,-0.11517359102987082,1.6169100318986476,-0.5249978047227533,-0.3701969598430659,-0.32954966567374977,1.5013806157667016,0.4584698820777216,-1.6533705001421442,0.1023767021738701,0.0,-0.7895912983447142,0.33962764580624805,-1.0006591700609897,1.1930640066136604
151,-0.1661060999470742,-0.515242821393626,0.14921664042455754,1.5831069808953293,0.6986693318826831,2.5554366070458787,5.758709335770707,2.3285925526994613,1.6466734371135794,1.7313164637009866,0.18010671899323327,-1.3187738897250365,-0.06622335413960019,-0.17497305738445426,0.1451935858360669,0.1245247571754194,0.2791999721881051,0.8693883629415489
152,-0.16623625459544344,-0.1006196762749556,1.4279625057619103,-0.655056928202174,-0.2789040623680094,4.490155929899286,-0.5249978047227533,-0.3701969598430659,3.6051132719647314,1.7218648380277202,-0.6240535299175115,0.4768945861801066,-0.7397426738341804,-0.2818303648198818,-0.4557617823231856,0.047175411401658165,-0.2964867602431748,1.7274817130892783
153,-0.16633387058172036,-0.2170385551653556,0.3989973662400785,0.02636633511707168,0.5967831121011117,0.1553580776453764,0.2667854477728632,0.5819794566640161,1.4135587015084183,0.5570759186441421,0.0563897576223494,-1.3187738897250365,0.4324532080914637,0.0,0.34359614289347473,1.9442253819003308,-1.1083220035117392,1.168215041859208
154,-0.16755081654397255,0.358013209213219,-0.4367077599552204,0.9675137217282618,0.0,0.0,0.0,0.0,0.0,0.0,1.6647102554438382,-0.6718871095852953,-0.7130144962897048,0.0,0.7509236620953111,4.137604213954327,-0.5963088781152305,-1.5455245878558383
155,-0.16770049438959714,0.33177951644311626,0.8692575058576596,0.200981730746192,1.2409384283126244,-0.7082538498141826,0.0,0.0,0.0,0.0,0.4275406417350006,-0.02500032944555493,0.0,2.450460863306798,1.1605804854334665,0.3871141714091593,-0.19405042769615827,-0.23081574913132405
156,-0.16866363878752938,-0.5814428919109202,1.8334767551218625,0.0,1.1053480249591483,0.6280396310230786,0.3938652560540738,-0.3701969598430659,-0.32954966567374977,0.7057685913812862,0.2419651996786752,-1.6087576187531965,-0.7990692398292978,0.0,-0.4281843961246062,1.4663222068504282,-0.06198806689371756,1.5277640632297125
157,-0.1703296182866554,0.388167508565381,-0.0338773156294396,0.29993242799134445,-0.5948964827746994,-0.5561973463023432,-0.38558820524225823,-0.2444593929947544,-0.2528222157717446,-0.3285885562842815,2.1595781009273733,-0.6941935502797691,1.424179184550672,0.0,-0.4114074763129226,-0.32164507138858245,1.4071179452208256,0.11182061527351554
158,-0.17084372914771384,-0.15208899557390093,1.6919325451017493,1.2223989268531954,0.09996568897418512,-0.3084490294584332,-0.3417217573140099,-0.25999563297929223,-0.12780884159885286,-0.2621452219615507,-0.6859120106029531,1.859893909237484,0.4690208794779788,0.0,0.34428658359885383,2.2390629928500374,-0.3085409311341976,-0.4850014757913166
159,-0.17135784000877224,-0.5223823344628733,1.146245865046225,-1.3735164128926538,0.2246594043106338,0.13858236447363492,1.8042106423606703,-0.3701969598430659,-0.32954966567374977,-0.3693684139539018,-0.005468723063092539,0.041918992637866616,0.07151989560327998,0.0,0.3436034544877661,0.14256363298954428,-0.4832317374956305,0.5774764265830162
160,-0.1715010101219784,-0.3820507610320243,0.6590954376410239,-1.2463816069597706,1.0792069013914196,-0.06665397326076332,1.2397116242105632,-0.3701969598430659,-0.32954966567374977,-0.3693684139539018,0.11824823830779135,1.4360715360424825,0.0,0.0,1.4201400363361916,0.5359444231249163,-0.1742982882680289,-0.2284420972487968
161,-0.17263986329520908,0.41289839661578587,-0.3264813266477158,-1.2345551133846189,2.5488705795426925,-0.7082538498141826,0.0,0.0,0.0,0.0,-0.5312658088893486,-0.1922986346541088,1.7051959495820426,-0.35636867076865625,-0.7895912983447142,-1.3162502750444829,1.9601500234800948,2.175092242915067
162,-0.17309540456450134,1.199630032856673,-1.2913065981605796,-0.3446114718544358,-0.3926919796399971,-0.274440231901365,0.07160064386398418,0.07821093066335395,0.05352814264962178,0.03783548809395917,3.489535435664373,-1.01763694034964,0.0,0.0,-0.27160838451526603,0.1983743184278835,-0.972832606076069,-0.6677115616185314
163,-0.17402601030034126,-0.5814428919109202,-0.24888088631633104,0.0,3.464523310172799,-0.7082538498141826,0.0,0.0,0.0,0.0,0.18010671899323327,-0.4488227026405569,-0.7739060258146084,-0.338385526560212,3.2375030039519186,0.2814033172515245,-1.3599329067243118,0.7092672508155455
164,-0.17439044331577508,-0.5814428919109202,-1.4489363551572134,0.0,-0.2805567153879215,0.7583333417403071,-0.5249978047227533,-0.3701969598430659,-0.32954966567374977,1.9905655134389,0.14917747865051187,-3.3932728743111027,0.4079688530758878,-0.2544427741581022,-0.007242100053188828,-0.6626254082416239,-0.13849527545594492,3.315969487732388
165,-0.17453361342898124,0.2721070108110694,0.38990096003137104,0.5305490527068073,-0.4092945410620569,-0.2710990747074075,0.6773888878655812,0.3527813605648722,-0.32954966567374977,0.3340717846494682,1.72656873612928,-0.5045888043767415,0.0,0.0,3.8868421363292147,0.26305704919169515,-0.7903084529823018,-0.8378696051061831
166,-0.1746702758097689,3.4963645273890442,1.6181423585946166,0.15353083444839252,0.1375329655563102,1.3812538687079423,-0.5249978047227533,-0.3701969598430659,-0.32954966567374977,-0.3693684139539018,-0.2219734054621391,0.4099752640966852,0.0,-0.2119290002493461,-0.2780959908847439,-0.28709137266650026,0.442692833437103,0.196283533761482
167,-0.17641434809791648,-0.5743968013671749,-0.4366512004545156,1.5831069808953293,-0.2902294404486781,1.2302363037411201,1.2522634742266607,-0.3701969598430659,-0.32954966567374977,-0.3693684139539018,0.3656821610495585,0.08653187402681431,1.1776112836519588,0.0,0.0349537049398706,-0.01593037441225332,-0.5015367148884466,-0.17375522696324158
168,-0.17760526313049482,3.3631634636892174,1.2874926922564818,-0.574429009166172,-0.2217065021542597,-0.2827501913303273,0.6453426919209715,0.33351243064215064,-0.32954966567374977,-0.027022413092724358,-0.3766196071757437,0.30959628097155284,1.1618136568448068,0.0,-0.7895912983447142,0.6133097748912734,0.2787702461716075,1.5872179071382275
169,-0.1777419255112825,0.22270468634781948,-1.2498442006417398,0.14027476472679354,-1.4153540919445058,-0.5848360276381636,-0.5249978047227533,-0.3701969598430659,-0.32954966567374977,-0.3693684139539018,-0.5931242895747905,-1.8206688053506968,0.6206380629202326,-0.3433380322401154,5.719268764644573,0.4421015510133348,-0.10940095889813974,0.26562442362562017
170,-0.17807381986462406,-0.5814428919109202,0.5790860013277227,0.0,1.4426411555144274,-0.7082538498141826,0.0,0.0,0.0,0.0,1.0461254485894196,-0.4822823636822676,2.0089345999997907,0.0,-0.011507425718127427,-0.18690120937598528,-0.2752160694923245,1.8383683428306823
171,-0.17895236374111625,-0.31558618157822144,-0.256441188166587,-1.1192468010268877,0.0,0.0,0.0,0.0,0.0,0.0,-0.1291856844339764,-0.4376694822933199,-0.4109989487500824,0.0,-0.1567594094294505,3.2477901650586682,-0.4908069423592051,0.019147887372664558
172,-0.17904347199497472,-0.5814428919109202,1.3163967316760359,0.0,0.0,0.0,0.0,0.0,0.0,0.0,4.04626176183335,-3.515958298130709,-0.7223542533762131,0.0,1.6965433968958772,0.4206757951981915,-1.3175996106575434,-0.5336136235591534
173,-0.17920616530543626,-0.2007062884279927,-0.537912269555009,0.9829124319563683,0.0,0.0,0.0,0.0,0.0,0.0,4.386483405603282,-1.4079996525029324,-0.5186948026975989,0.0,0.7058397219803134,3.53839637295082,-1.3988249740026888,-2.017860687220515
174,-0.1797007529692393,1.3999980828307828,0.024505966217136216,-1.0542010863635518,0.0,0.0,0.0,0.0,0.0,0.0,1.7574979764720011,-0.03615354979279062,1.9284614454396087,0.0,-0.7895912983447142,1.25167511935812,-0.5180328268467741,1.0044896617228438
175,-0.1808526216073069,-0.5814428919109202,0.4116348443985349,0.0,0.0,0.0,0.0,0.0,0.0,0.0,-0.4384780878611856,1.6814423836816934,1.533888261369176,0.0,-0.7895912983447142,0.38132487041145,3.3824274039629305,0.6543325775408658
176,-0.18090468346665456,0.05795732451633321,1.260083779695991,1.5831069808953293,0.0,0.0,0.0,0.0,0.0,0.0,3.5204646760070943,-2.3671766023653067,-0.09689284593469764,0.0,2.061062507547716,0.04460591863135701,-1.018773186682814,-1.6850637824709176
177,-0.1819849670481191,-0.5605627354217109,2.1333406287763816,1.5831069808953293,0.0,0.0,0.0,0.0,0.0,0.0,2.4688705043545824,-2.3002572802818846,-0.8048517555834016,0.0,-0.7895912983447142,0.23155465758154226,-1.2911700645300654,-1.7438962566976206
178,-0.1820044902453745,-0.4556684529445416,0.5412473726972675,-1.3735164128926538,0.0,0.0,0.0,0.0,0.0,0.0,-0.5931242895747905,0.3653623827077375,2.9477993384188967,0.0,2.264936706320932,-0.5996698427327243,0.9813309992453579,1.8148896727968091
179,-0.18326048260213745,-0.011777856949528764,-1.383871026064555,0.2881059344161928,0.0,0.0,0.0,0.0,0.0,0.0,-0.4075488475184649,0.8561040779861622,1.6389393062500113,0.0,-0.7895912983447142,-0.011189967625279915,2.943862305275029,0.15704691441349905
180,-0.18496550849577426,4.797900026155356,1.8056905523212228,1.042044899832128,0.0,0.0,0.0,0.0,0.0,0.0,1.9430734185283267,-3.426732535352813,0.0,0.0,-0.7895912983447142,-1.5745682051222836,-1.2926647687236523,-0.4562863015674419
181,-0.18500455489028494,-0.5814428919109202,1.2240222878224878,0.0,0.0,0.0,0.0,0.0,0.0,0.0,1.72656873612928,-3.6163372812558414,-0.7839587916761623,0.0,1.7119027309368182,-1.2526362808605014,-0.4108541770570993,-0.0029619478655405515
182,-0.18626705497946644,-0.5814428919109202,-1.4733294881405656,0.0,0.0,0.0,0.0,0.0,0.0,0.0,3.1493137918944436,-4.029006434103607,0.4640994458498479,0.0,0.6476267551990633,0.8051468135018849,-1.271598081079172,0.5414246105562712
183,-0.1863126091063957,-0.3553118969152913,-1.385572751431199,1.5831069808953293,0.0,0.0,0.0,0.0,0.0,0.0,3.706040118063421,-1.664523720489381,-0.21627927931047647,0.0,2.0871178603413063,0.9295931689218307,-0.8590901380144111,-2.0470583082838205
184,-0.186345147768488,-0.5814428919109202,1.46979146190404,0.0,0.0,0.0,0.0,0.0,0.0,0.0,1.6647102554438382,-1.385693211808458,-0.5843545044619002,0.0,2.84677845284534,4.117082364190511,-0.4403688930382196,-0.3763872502177328
185,-0.1864948256141126,-0.5297079818835161,0.34532958952623605,1.5831069808953293,0.0,0.0,0.0,0.0,0.0,0.0,2.623516706068187,-0.9061047368772708,-0.7790687828396888,0.0,-0.44813725141279176,3.454468476334752,-1.6631262071452864,-2.0687034558952138
186,-0.18700242874275247,1.3212810912380173,1.6768800181929095,-0.7141893960779336,0.0,0.0,0.0,0.0,0.0,0.0,1.72656873612928,-0.2034518550013445,2.129693073632951,0.0,-0.41175340251647335,0.7726520219178541,-1.044886689473249,1.019708688513937
187,-0.18765970971701712,-0.5727278909728275,1.3012944436299032,-1.3735164128926538,0.0,0.0,0.0,0.0,0.0,0.0,-1.2117090964292092,-3.6163372812558414,0.0,0.0,0.5707768119760054,1.4595610479809238,-1.3901951401575177,0.900493868701452
188,-0.1886163463825309,2.3724939941567014,1.7318675020896446,-0.23817302967806864,0.0,0.0,0.0,0.0,0.0,0.0,-1.3354260578000932,1.3914586546535332,0.0,0.0,-0.6637822062190524,1.0163853126688336,0.9358209347463976,-0.4641019753715516
189,-0.18863586957978626,1.9480848404058893,-0.04295364516589312,1.5831069808953293,0.0,0.0,0.0,0.0,0.0,0.0,-1.2735675771146509,-1.4526125338918794,-0.6588460560072671,0.0,-0.20608860789495645,-0.02946398213069025,1.0685332186192302,-0.7455297583573007
190,-0.1896640913019031,0.7997680952461313,-0.3970938396567713,-0.6166208240829302,0.0,0.0,0.0,0.0,0.0,0.0,3.5823231566925364,-0.716499990974243,0.0,0.0,2.556271785407584,0.5305677345084359,-0.7214269271506547,-1.392024172615289
191,-0.1900480475145923,2.9883936404985527,-0.5858595052426263,-0.480616147968683,0.0,0.0,0.0,0.0,0.0,0.0,1.4172763327020703,0.7334186541665547,3.648996558425508,0.0,-0.37865103751166695,-0.4438269098850245,-0.3484489303940409,1.7954857042470092
192,-0.19010661710635848,2.167557855258232,-0.4791332914904511,0.6497473480911309,0.0,0.0,0.0,0.0,0.0,0.0,-0.6859120106029531,1.2687732308339283,0.0,0.0,1.7610113828611127,0.4964260163921062,0.8437675418829556,-1.2128218511117466
193,-0.1902823258816569,-0.249036127456342,0.8573334783950207,1.5831069808953293,0.0,0.0,0.0,0.0,0.0,0.0,1.72656873612928,0.05307221298510354,0.3821163588420304,0.0,4.1868159128462485,0.5935485944349139,-1.0414303443668451,-1.6213449802594917
194,-0.19077040581304147,0.4298072261408419,-1.068230220691587,0.24079996011558505,0.0,0.0,0.0,0.0,0.0,0.0,-1.6447184612273025,1.0457088238891898,1.5352604864610542,0.0,2.0784840518674903,0.1862727832161641,2.1808133288876026,0.35944768405217503
195,-0.19122594708233376,5.653554750278194,1.9640144993527973,-0.029596688443570506,0.0,0.0,0.0,0.0,0.0,0.0,0.8605500065330938,1.4583779767369551,0.0,0.0,0.17069762112837875,0.009701696892587456,-0.07627297422082956,-0.7542196680399555
196,-0.19125848574442605,6.335711721019865,-0.4740150060514017,1.5831069808953293,0.0,0.0,0.0,0.0,0.0,0.0,-1.7684354225981862,2.261409841738012,-0.8041585417652662,0.0,9.852179913257237,-0.3757730826836916,0.26929234702201743,-1.4831591087050977
197,-0.19172704247855524,-0.3628422291878937,-1.1694779837650775,-1.3735164128926538,0.0,0.0,0.0,0.0,0.0,0.0,3.180243032237164,-4.77627219736848,0.2702725279794673,0.0,-0.2321238240230385,-0.5162055038222273,-1.364004612833857,0.6557815097244499
198,-0.192019890437386,0.6724345849167707,0.4599003199726369,0.1919285408612235,0.0,0.0,0.0,0.0,0.0,0.0,-0.8405582123165579,1.7483617057651148,0.0,0.0,2.488776371689624,0.3753782408973849,1.1294699439019589,-1.2832552180645878
199,-0.1920979832264076,0.08432603221223166,0.8045230959415332,-1.3735164128926538,0.0,0.0,0.0,0.0,0.0,0.0,-0.9952044140301628,1.079168484930901,0.0,0.0,0.6262590221892264,2.0480200311856365,-1.2180078059760748,-0.15583191170440194
200,-0.19343206837219204,0.4358893819245573,-0.4933560702265658,1.3702300965425942,0.0,0.0,0.0,0.0,0.0,0.0,2.2214365816128154,-2.8802247383382045,-0.5914825819060644,0.0,1.7912037398103653,0.2599090909476461,-1.3412989248655525,-1.3544106825702424
201,-0.19411538027613048,1.6284301027191166,-0.6524081443941799,1.4057095772680501,0.0,0.0,0.0,0.0,0.0,0.0,0.0563897576223494,0.1980640774991836,0.02340752185239519,0.0,-0.3196906105490385,2.9174927603428435,-1.4872359911986084,-0.8522610425432334
202,-0.1948247231097427,-0.4699227883735868,-0.9756931145704116,-1.3735164128926538,0.0,0.0,0.0,0.0,0.0,0.0,4.200907963546955,-1.463765754239117,0.0,0.0,-0.15829903020495406,0.5685588121040079,-1.2346455530757503,-1.0127093583801172
203,-0.19490281589876424,-0.2576270431015201,-1.4415169944322401,0.1875807390274013,0.0,0.0,0.0,0.0,0.0,0.0,4.169978723204235,-1.184935245558194,-0.8038143264958635,0.0,-0.7895912983447142,3.0546179003415066,-1.4883670947850876,-1.734346626291838
204,-0.19510455560373646,-0.4515647229491344,-1.0557682234787131,0.6724669756086307,0.0,0.0,0.0,0.0,0.0,0.0,-1.1807798560864884,0.30959628097155284,-0.6639487018899337,0.0,5.5595206478575925,-0.17638605792578926,-0.4205945736003941,-1.2448743899817325
205,-0.19611976186101648,-0.3717894305425805,0.3337554960040151,1.5831069808953293,0.0,0.0,0.0,0.0,0.0,0.0,-0.1291856844339764,-1.619910839100433,4.072432277325752,0.0,-0.6308004328381048,0.2877555006111473,-0.6348542910031225,1.6232742296310412
206,-0.1969267206809056,2.149977225111144,1.6679102050217898,0.5719417802198388,0.0,0.0,0.0,0.0,0.0,0.0,1.9121441781856057,-4.196304739312161,0.0,0.0,-0.4800158140586153,2.4762369300624343,-1.0159773925921722,-0.3603171605686815
207,-0.19720004544248096,2.429439673563265,0.14690966027017352,1.4825817855065382,0.0,0.0,0.0,0.0,0.0,0.0,0.9842669679039776,-0.3930566009043722,-0.7252924968693665,0.0,-0.0991253065114935,3.922308037410175,0.4450111330236084,-1.4443340455890223
208,-0.19720004544248096,-0.026219502487819783,-1.4447701671535482,0.6281176247018109,0.0,0.0,0.0,0.0,0.0,0.0,-0.9952044140301628,-3.9955467730618968,2.4997304710350097,0.0,1.3088837748738975,-1.3226897789145968,0.09420511162253507,1.794666284168161
209,-0.19729766142875788,-0.5398163403449884,-0.8742727457980751,1.5831069808953293,0.0,0.0,0.0,0.0,0.0,0.0,0.2419651996786752,-3.315200331880445,0.6240701687265384,0.0,0.9741051692826108,0.6555113618801836,-1.2125957419067257,-0.2041833284586372
210,-0.19753193979582248,-0.5814428919109202,-1.5067320021812505,0.0,0.0,0.0,0.0,0.0,0.0,0.0,-0.2529026458048603,-2.7798457552130724,2.928100780546728,0.0,1.3511689478899598,-1.0552691218324786,0.35755145056016024,2.465365804195437
211,-0.1977336795007948,5.54518917162299,-0.6624335373346565,1.4973649024754776,0.0,0.0,0.0,0.0,0.0,0.0,-0.6549827702602324,1.6702891633344563,-0.7190489931827101,0.0,1.908318906762736,-0.21969196043110106,2.3718265868082242,-1.3630404218702854
212,-0.19811763571348398,1.6579051061444288,-0.6821238848759209,-0.5566715113055833,0.0,0.0,0.0,0.0,0.0,0.0,2.3760827833264204,-0.9284111775717446,4.434397687510427,0.0,1.2680661465349952,0.02743214177580101,-0.4856649750684759,2.1860203358268957
213,-0.19816969757283165,-0.4741201416198368,-1.2577569661654793,-1.3735164128926538,0.0,0.0,0.0,0.0,0.0,0.0,-0.005468723063092539,0.5326606879162913,4.38707343968341,0.0,0.09524049465370794,0.4559327300143306,0.9561210225115192,2.5691436706657966
214,-0.1981957285025055,0.1741274219776801,-1.3119815020226984,1.358403602967443,0.0,0.0,0.0,0.0,0.0,0.0,0.6440453241340469,-0.6049677875018737,-0.5688427100543259,0.0,25.67364133011131,-0.49061413639486107,0.17292266256200828,-2.7773137670177364
215,-0.1986447620393793,-0.1198431045188682,1.7353909042278814,-1.3735164128926538,0.0,0.0,0.0,0.0,0.0,0.0,0.8605500065330938,-0.27037117708476605,2.6268463446965047,0.0,2.8148152711018817,1.2967385163660852,-1.3512551182826,1.5617362471765597
216,-0.198696823898727,2.1361577002402123,-1.2288580877147381,-1.3735164128926538,0.0,0.0,0.0,0.0,0.0,0.0,-2.0467985856826747,-4.787425417715717,0.0,0.0,1.2944197963542918,-1.3174143892933812,-1.1926937916420282,1.6126649649245408
217,-0.1988595172091885,3.8610674615322473,2.1413065020670228,-1.2315984899908308,0.0,0.0,0.0,0.0,0.0,0.0,0.6131160837913261,0.7334186541665547,2.5133645512403904,0.0,-0.7895912983447142,-1.153648258510222,1.3254958162285118,1.7618626696270312
218,-0.1991653806328562,-0.5814428919109202,-1.4993992775889524,0.0,0.0,0.0,0.0,0.0,0.0,0.0,-0.9333459333447208,-3.058676263893996,3.827162644460469,0.0,-0.125336189093295,-0.2505902822816933,-0.4513231055879817,3.3665930533484048
219,-0.19964044509940385,5.868329180127769,1.3426233802919352,-0.3899443947793688,0.0,0.0,0.0,0.0,0.0,0.0,-1.1498506157437676,1.3579989936118235,0.0,0.0,-0.7895912983447142,-0.9429959210117488,1.6205713251222391,-0.061510779801478725
220,-0.20000487811483766,-0.5814428919109202,0.6881848687918768,0.0,0.0,0.0,0.0,0.0,0.0,0.0,-0.9952044140301628,1.4918376377786668,3.5271616095432234,0.0,3.027274321020306,0.8844148015395369,2.049478811327404,1.910010235287242
221,-0.20009598636869613,-0.4504954170005359,-1.2000625747336389,1.5831069808953293,0.0,0.0,0.0,0.0,0.0,0.0,0.5821868434486054,-1.8429752460451718,2.512522498290602,0.0,-0.7895912983447142,-0.9079988524288553,0.4752582431126214,0.4727686035037522
222,-0.2005840663000807,-0.2967592249036053,0.5373023225502246,-0.6343605644456579,0.0,0.0,0.0,0.0,0.0,0.0,-0.5312658088893486,-4.832038299104664,1.1659357051501194,0.0,-0.5706547261968606,-0.552271497511364,-1.3532213430626483,1.8624531311659083
223,-0.2006035894973361,5.3241626099900445,0.4875320108166537,-0.30617536773519205,0.0,0.0,0.0,0.0,0.0,0.0,0.21103595933595384,-0.09191965152897524,0.0,0.0,-0.7895912983447142,-0.6988321142743527,1.2223749086083775,-0.18401028472477365
224,-0.20200925969972366,6.106799129890613,0.9704822830242394,-0.8856735529176365,0.0,0.0,0.0,0.0,0.0,0.0,-0.7786997316311163,1.3803054343062977,0.0,0.0,-0.7895912983447142,0.1860992650824589,3.647834331097069,-0.001064713716363279
225,-0.20205481382665288,0.2566512927042616,-0.33373917506831463,1.5831069808953293,0.0,0.0,0.0,0.0,0.0,0.0,0.5821868434486054,0.18691085715194666,4.1413082524921725,0.0,2.5342876535715755,0.2706878801982613,-0.8314671914166443,0.9849070937139311
226,-0.20254289375803747,1.839442504327488,-0.09744886159852338,1.3315424278703258,0.0,0.0,0.0,0.0,0.0,0.0,0.6440453241340469,-5.099715587438351,0.0,0.0,-0.3615619206566406,-0.9053843249731492,-1.2198859701519342,-0.2751423587192747
227,-0.20256241695529284,-0.2928661017493946,0.7524835537283949,1.5831069808953293,0.0,0.0,0.0,0.0,0.0,0.0,3.3348892339507685,-0.7388064316687168,2.3568918249626662,0.0,0.9998043499123964,2.26501304047682,-1.2734487134092385,-0.517129109955803
228,-0.2027186025333359,1.206151248238175,-0.6282218057660429,-0.8023168983770576,0.0,0.0,0.0,0.0,0.0,0.0,0.3656821610495585,-1.7425962629200396,1.9960919732610944,0.0,-0.7895912983447142,-0.6706774069965334,-0.13715566353234654,1.6065161791933875
229,-0.2031090664784436,-0.2888458669966649,-1.1148407916441607,1.5831069808953293,0.0,0.0,0.0,0.0,0.0,0.0,-1.3354260578000932,2.116417977223933,3.313331285083817,0.0,0.6208033828636271,-0.6281057272984065,2.188808180503353,0.40886588949442704
230,-0.20331080618341588,1.5094670361273352,1.0597254350914869,0.5601152866446871,0.0,0.0,0.0,0.0,0.0,0.0,0.3656821610495585,-4.352449824173477,0.0,0.0,-0.7895912983447142,-1.5745682051222836,-1.732862387049653,0.02073850837214015
231,-0.2033238216482528,-0.4578809457246637,1.724158160026497,1.5831069808953293,0.0,0.0,0.0,0.0,0.0,0.0,0.5203283627631635,-1.285314228683326,3.7915703939895375,0.0,0.33222874700255584,1.982358668649509,-1.1181285881740657,1.2106153959731991
232,-0.2033563603103451,-0.5814428919109202,-1.6034334422513234,0.0,0.0,0.0,0.0,0.0,0.0,0.0,0.2419651996786752,1.1126281459726102,5.039435828020169,0.0,-0.7895912983447142,-1.171831809342878,-0.04513882306557988,2.824688714354555
233,-0.20403316448186504,0.3532384515070836,1.3256959099870975,0.3708913894422561,0.0,0.0,0.0,0.0,0.0,0.0,6.087591624452933,-2.1329589750733318,-0.6193008258439913,0.0,0.3997533206245764,1.7609995356989403,-1.3366948654312216,-1.9799159949050005
234,-0.20403967221428349,2.7138881915776785,-0.3507268925939237,-0.2233899127091284,0.0,0.0,0.0,0.0,0.0,0.0,-0.06732720374853447,-0.03615354979279062,5.078507071039192,0.0,-0.7895912983447142,-0.5574185353878339,-0.22378811370463955,3.0631611312986453
235,-0.20423490418683726,-0.3947214925016685,0.11810356373596476,1.5831069808953293,0.0,0.0,0.0,0.0,0.0,0.0,-1.1189213754010463,-5.64622338445296,1.7162193767392957,0.0,-0.5823902243190967,-1.4350250398225723,-1.2784602182617613,1.4207528141507135
236,-0.2042414119192558,0.09145024230813008,-0.007047307156615264,0.17871086884603735,0.0,0.0,0.0,0.0,0.0,0.0,1.4172763327020703,0.13114475541576198,3.701332363515778,0.0,1.1552300163977478,0.599173062322891,-0.5049532774322323,1.2384601233447632
237,-0.20459933720227114,-0.5814428919109202,-0.5740668217409214,0.0,0.0,0.0,0.0,0.0,0.0,0.0,-0.06732720374853447,0.8114911965972132,5.280114783846777,0.0,0.706431795065059,-0.3950623942599486,0.3709852004730024,3.0375250553959714
238,-0.20463187586436346,2.403871319646545,0.7769935386882671,0.7315994434843903,0.0,0.0,0.0,0.0,0.0,0.0,0.14917747865051187,-0.03615354979279062,0.0,0.0,1.7702439707765538,2.0408803279635945,-1.0212400529722854,-1.0145204836020056
239,-0.20484663103417267,0.2728251848983408,0.9278433063978974,-1.3735164128926538,0.0,0.0,0.0,0.0,0.0,0.0,-0.5003365685466276,-0.002693888751081085,5.387289460625706,0.0,-0.7895912983447142,-1.3194580119850832,1.1750555997644148,3.5436319915148906
